{"count":1,"self":3.1043583999999997,"total":41.4663142,"children":{"InitializeActuators":{"count":3,"self":0.0019933,"total":0.0019933,"children":null},"InitializeSensors":{"count":3,"self":0.013470099999999999,"total":0.013470099999999999,"children":null},"AgentSendState":{"count":1794,"self":0.0469155,"total":10.5758853,"children":{"CollectObservations":{"count":5382,"self":0.29488369999999997,"total":0.29488369999999997,"children":null},"WriteActionMask":{"count":5382,"self":0.010036699999999999,"total":0.010036699999999999,"children":null},"RequestDecision":{"count":5382,"self":0.0270736,"total":10.2240494,"children":{"AgentInfo.ToProto":{"count":5382,"self":0.0260421,"total":10.196975799999999,"children":{"GenerateSensorData":{"count":5382,"self":0.7451335,"total":10.170933699999999,"children":{"CameraSensor.GetCompressedObservation":{"count":5382,"self":9.4257999999999988,"total":9.4258002,"children":null}}}}}}}}},"DecideAction":{"count":1794,"self":27.6557824,"total":27.6557833,"children":null},"AgentAct":{"count":1794,"self":0.0731061,"total":0.11186729999999999,"children":{"AgentInfo.ToProto":{"count":22,"self":0,"total":0.038761199999999996,"children":{"GenerateSensorData":{"count":22,"self":0.0029235999999999997,"total":0.038761199999999996,"children":{"CameraSensor.GetCompressedObservation":{"count":22,"self":0.0358376,"total":0.0358376,"children":null}}}}}}}},"gauges":{"Behavior0.CumulativeReward":{"count":7,"max":0.6849978,"min":-1.39500058,"runningAverage":-0.7035724,"value":-1.08500075,"weightedAverage":-0.914628446},"Behavior1.CumulativeReward":{"count":8,"max":1.61501145,"min":-1.69500029,"runningAverage":-0.7768741,"value":-1.13000083,"weightedAverage":-0.864829361},"behavior2.CumulativeReward":{"count":7,"max":0.834997654,"min":-1.40500057,"runningAverage":-0.5950011,"value":-1.40500057,"weightedAverage":-0.7450632}},"metadata":{"timer_format_version":"0.1.0","start_time_seconds":"1610963321","unity_version":"2019.4.10f1","command_line_arguments":"D:\\program\\git_project\\MLAgentExample-FallingStar\\.\/FallingStar\/Build\/FallingStar.exe --mlagents-port 5005","communication_protocol_version":"1.3.0","com.unity.ml-agents_version":"1.7.2-preview","scene_name":"Scene","end_time_seconds":"1610963362"}}