{"count":1,"self":1.791891,"total":53.7931423,"children":{"InitializeActuators":{"count":3,"self":0.0029920999999999997,"total":0.0029920999999999997,"children":null},"InitializeSensors":{"count":3,"self":0.014172599999999999,"total":0.014172599999999999,"children":null},"AgentSendState":{"count":1345,"self":0.036096699999999995,"total":7.3295939,"children":{"CollectObservations":{"count":4035,"self":0.20629999999999998,"total":0.20629999999999998,"children":null},"WriteActionMask":{"count":4035,"self":0.0099627,"total":0.0099627,"children":null},"RequestDecision":{"count":4035,"self":0.024003,"total":7.0772344999999994,"children":{"AgentInfo.ToProto":{"count":4035,"self":0.018072599999999998,"total":7.0532315,"children":{"GenerateSensorData":{"count":4035,"self":0.4914204,"total":7.0351589,"children":{"CameraSensor.GetCompressedObservation":{"count":4035,"self":6.5437384,"total":6.5437385,"children":null}}}}}}}}},"DecideAction":{"count":1345,"self":44.5579456,"total":44.5579458,"children":null},"AgentAct":{"count":1345,"self":0.0583034,"total":0.094552299999999992,"children":{"AgentInfo.ToProto":{"count":19,"self":0,"total":0.0362489,"children":{"GenerateSensorData":{"count":19,"self":0.0040520999999999995,"total":0.0362489,"children":{"CameraSensor.GetCompressedObservation":{"count":19,"self":0.0321968,"total":0.0321968,"children":null}}}}}}}},"gauges":{"Behavior1.CumulativeReward":{"count":5,"max":1.67501283,"min":-1.63500035,"runningAverage":-0.584997833,"value":-1.54000044,"weightedAverage":-0.7892373},"behavior2.CumulativeReward":{"count":10,"max":-0.365000427,"min":-1.63000035,"runningAverage":-1.2710005,"value":-0.8500008,"weightedAverage":-1.24285507},"Behavior0.CumulativeReward":{"count":4,"max":2.735038,"min":-1.62500036,"runningAverage":-0.262490928,"value":-0.8350008,"weightedAverage":0.4540782}},"metadata":{"timer_format_version":"0.1.0","start_time_seconds":"1610953190","unity_version":"2019.4.10f1","command_line_arguments":"D:\\program\\git_project\\MLAgentExample-FallingStar\\.\/FallingStar\/Build\/FallingStar.exe --mlagents-port 5005","communication_protocol_version":"1.3.0","com.unity.ml-agents_version":"1.7.2-preview","scene_name":"Scene","end_time_seconds":"1610953244"}}