{"count":1,"self":51.4339936,"total":24289.8227826,"children":{"InitializeActuators":{"count":3,"self":0.0019951,"total":0.0019951,"children":null},"InitializeSensors":{"count":3,"self":0.0161478,"total":0.0161478,"children":null},"AgentSendState":{"count":118403,"self":2.0417052,"total":470.36739609999995,"children":{"CollectObservations":{"count":355209,"self":15.997956799999999,"total":15.997956599999998,"children":null},"WriteActionMask":{"count":355209,"self":0.5550343,"total":0.5550343,"children":null},"RequestDecision":{"count":355209,"self":1.2016835,"total":451.77270009999995,"children":{"AgentInfo.ToProto":{"count":355209,"self":1.415837,"total":450.5710166,"children":{"GenerateSensorData":{"count":355209,"self":29.833254399999998,"total":449.1551796,"children":{"CameraSensor.GetCompressedObservation":{"count":355209,"self":419.32193279999996,"total":419.3219256,"children":null}}}}}}}}},"DecideAction":{"count":118403,"self":23761.3973504,"total":23761.3973404,"children":null},"AgentAct":{"count":118403,"self":3.4935152,"total":6.5841218999999995,"children":{"AgentInfo.ToProto":{"count":2163,"self":0.0029938,"total":3.0906067999999998,"children":{"GenerateSensorData":{"count":2163,"self":0.2078411,"total":3.0876129999999997,"children":{"CameraSensor.GetCompressedObservation":{"count":2163,"self":2.879772,"total":2.8797718999999997,"children":null}}}}}}}},"gauges":{"Behavior1.CumulativeReward":{"count":746,"max":3.52005482,"min":-1.83500016,"runningAverage":-1.20670247,"value":-1.75000024,"weightedAverage":-1.620718},"Behavior0.CumulativeReward":{"count":714,"max":4.68008137,"min":-1.78500021,"runningAverage":-1.16967165,"value":-0.690000951,"weightedAverage":-1.000932},"behavior2.CumulativeReward":{"count":703,"max":3.33005047,"min":-1.85500014,"runningAverage":-1.15741193,"value":-1.25000072,"weightedAverage":-1.28021765}},"metadata":{"timer_format_version":"0.1.0","start_time_seconds":"1610896670","unity_version":"2019.4.10f1","command_line_arguments":"D:\\program\\git_project\\MLAgentExample-FallingStar\\.\/FallingStar\/Build\/FallingStar.exe --mlagents-port 5005","communication_protocol_version":"1.3.0","com.unity.ml-agents_version":"1.7.2-preview","scene_name":"Scene","end_time_seconds":"1610920958"}}