{"count":1,"self":2.0748408,"total":30.04901,"children":{"InitializeActuators":{"count":3,"self":0.0019909,"total":0.0019909,"children":null},"InitializeSensors":{"count":3,"self":0.0141421,"total":0.0141421,"children":null},"AgentSendState":{"count":1414,"self":0.0373833,"total":8.6198123,"children":{"CollectObservations":{"count":4242,"self":0.21156609999999998,"total":0.21156609999999998,"children":null},"WriteActionMask":{"count":4242,"self":0.0055816999999999993,"total":0.0055816999999999993,"children":null},"RequestDecision":{"count":4242,"self":0.018115799999999998,"total":8.3652812,"children":{"AgentInfo.ToProto":{"count":4242,"self":0.0218188,"total":8.3471654,"children":{"GenerateSensorData":{"count":4242,"self":0.6214696,"total":8.3253466,"children":{"CameraSensor.GetCompressedObservation":{"count":4242,"self":7.7038768,"total":7.7038769999999994,"children":null}}}}}}}}},"DecideAction":{"count":1414,"self":19.2287264,"total":19.2287261,"children":null},"AgentAct":{"count":1414,"self":0.056979999999999996,"total":0.10650559999999999,"children":{"AgentInfo.ToProto":{"count":29,"self":0,"total":0.049525599999999996,"children":{"GenerateSensorData":{"count":29,"self":0.0019787,"total":0.049525599999999996,"children":{"CameraSensor.GetCompressedObservation":{"count":29,"self":0.047546899999999996,"total":0.047546899999999996,"children":null}}}}}}}},"gauges":{"Behavior0.CumulativeReward":{"count":12,"max":28.5000763,"min":2.09999919,"runningAverage":9.566679,"value":9.900005,"weightedAverage":7.15148},"Behavior1.CumulativeReward":{"count":11,"max":29.200079,"min":4.09999752,"runningAverage":10.49092,"value":19.00004,"weightedAverage":10.6548243},"behavior2.CumulativeReward":{"count":6,"max":44.99987,"min":2.99999833,"runningAverage":18.68333,"value":2.99999833,"weightedAverage":19.22928}},"metadata":{"timer_format_version":"0.1.0","start_time_seconds":"1610790984","unity_version":"2019.4.10f1","command_line_arguments":"D:\\program\\git_project\\MLAgentExample-FallingStar\\.\/FallingStar\/Build\/FallingStar.exe --mlagents-port 5005","communication_protocol_version":"1.3.0","com.unity.ml-agents_version":"1.7.2-preview","scene_name":"Scene","end_time_seconds":"1610791014"}}