{"count":1,"self":2.762724,"total":22.772862699999997,"children":{"InitializeActuators":{"count":3,"self":0.0029562,"total":0.0029562,"children":null},"InitializeSensors":{"count":3,"self":0.052823699999999994,"total":0.052823699999999994,"children":null},"AgentSendState":{"count":1001,"self":0.0230414,"total":7.6927797,"children":{"CollectObservations":{"count":3003,"self":0.1815625,"total":0.1815625,"children":null},"WriteActionMask":{"count":3003,"self":0.0040473,"total":0.0040473,"children":null},"RequestDecision":{"count":3003,"self":0.0222323,"total":7.4841285,"children":{"AgentInfo.ToProto":{"count":3003,"self":0.0159964,"total":7.4618962,"children":{"GenerateSensorData":{"count":3003,"self":0.4441001,"total":7.4458997999999994,"children":{"CameraSensor.GetCompressedObservation":{"count":3003,"self":7.0017999999999994,"total":7.0017996999999994,"children":null}}}}}}}}},"DecideAction":{"count":1001,"self":12.1671328,"total":12.1671328,"children":null},"AgentAct":{"count":1001,"self":0.048625299999999996,"total":0.0801067,"children":{"AgentInfo.ToProto":{"count":17,"self":0,"total":0.0314814,"children":{"GenerateSensorData":{"count":17,"self":0.0028734,"total":0.0314814,"children":{"CameraSensor.GetCompressedObservation":{"count":17,"self":0.028607999999999998,"total":0.028607999999999998,"children":null}}}}}}}},"gauges":{"Behavior0.CumulativeReward":{"count":4,"max":35.20002,"min":6.09999561,"runningAverage":20.4750175,"value":35.20002,"weightedAverage":17.4531364},"Behavior1.CumulativeReward":{"count":8,"max":18.6000385,"min":3.19999838,"runningAverage":10.1750088,"value":12.5000153,"weightedAverage":9.485376},"behavior2.CumulativeReward":{"count":5,"max":25.9000664,"min":5.29999638,"runningAverage":17.88004,"value":16.50003,"weightedAverage":17.7363644}},"metadata":{"timer_format_version":"0.1.0","start_time_seconds":"1610697048","unity_version":"2019.4.10f1","command_line_arguments":"D:\/program\/unity\/project\/FallingStar\/Build\/FallingStar.exe --mlagents-port 5005","communication_protocol_version":"1.3.0","com.unity.ml-agents_version":"1.7.2-preview","scene_name":"Scene","end_time_seconds":"1610697071"}}